,Ticker
0,AAPL
1,MSFT
2,NVDA
3,AMZN
4,META
5,BRKB
6,GOOGL
7,TSLA
8,GOOG
9,AVGO
10,JPM
11,LLY
12,V
13,UNH
14,XOM
15,MA
16,COST
17,PG
18,NFLX
19,JNJ
20,WMT
21,ABBV
22,HD
23,KO
24,CVX
25,PM
26,BAC
27,CRM
28,MCD
29,CSCO
30,ABT
31,LIN
32,IBM
33,ORCL
34,MRK
35,WFC
36,PEP
37,T
38,GE
39,VZ
40,ACN
41,TMO
42,ISRG
43,RTX
44,PLTR
45,PGR
46,AMGN
47,INTU
48,DIS
49,ADBE
50,NOW
51,QCOM
52,GS
53,SPGI
54,AMD
55,TXN
56,NEE
57,CAT
58,BKNG
59,BSX
60,UBER
61,TJX
62,GILD
63,PFE
64,AXP
65,UNP
66,HON
67,CMCSA
68,SYK
69,BLK
70,DHR
71,TMUS
72,LOW
73,VRTX
74,ADP
75,SCHW
76,MS
77,FI
78,COP
79,CB
80,MMC
81,C
82,BMY
83,BA
84,MDT
85,DE
86,AMAT
87,PANW
88,AMT
89,ELV
90,ETN
91,SO
92,SBUX
93,XTSLA
94,MO
95,INTC
96,CME
97,BX
98,LMT
99,DUK
100,ICE
101,WM
102,WELL
103,PLD
104,CI
105,MCK
106,MDLZ
107,ADI
108,CVS
109,AJG
110,LRCX
111,ORLY
112,KLAC
113,MU
114,SPOT
115,GEV
116,CRWD
117,SHW
118,CL
119,EQIX
120,AON
121,MMM
122,TT
123,TDG
124,APH
125,GD
126,ANET
127,UPS
128,ZTS
129,MSI
130,WMB
131,PH
132,CTAS
133,NOC
134,ITW
135,MCO
136,KKR
137,APP
138,CMG
139,CDNS
140,EOG
141,NKE
142,MSTR
143,HCA
144,AZO
145,SNPS
146,APO
147,BDX
148,PNC
149,REGN
150,APD
151,ECL
152,COF
153,PYPL
154,ROP
155,AFL
156,DASH
157,USB
158,CEG
159,TRV
160,CRH
161,EMR
162,AEP
163,OKE
164,BK
165,FTNT
166,SLB
167,ADSK
168,NEM
169,CSX
170,AIG
171,ALL
172,KMI
173,HLT
174,RSG
175,JCI
176,CARR
177,MAR
178,HWM
179,COR
180,O
181,SPG
182,NSC
183,CPRT
184,TFC
185,PAYX
186,LNG
187,ABNB
188,WDAY
189,KMB
190,FDX
191,MRVL
192,FCX
193,PCAR
194,D
195,KR
196,EXC
197,DLR
198,PSA
199,CCI
200,YUM
201,GM
202,KVUE
203,SRE
204,RCL
205,FAST
206,PSX
207,MET
208,AMP
209,SNOW
210,TGT
211,VRSK
212,FICO
213,EW
214,KDP
215,ROST
216,GWW
217,CTVA
218,MNST
219,XEL
220,OTIS
221,MSCI
222,MPC
223,HES
224,BKR
225,PEG
226,DFS
227,CMI
228,FIS
229,LHX
230,ED
231,AXON
232,TRGP
233,URI
234,EA
235,CBRE
236,PCG
237,PRU
238,F
239,AME
240,SYY
241,VST
242,PWR
243,ETR
244,CTSH
245,VLO
246,TTWO
247,HIG
248,ACGL
249,DHI
250,COIN
251,WEC
252,ALNY
253,CHTR
254,GIS
255,WTW
256,IDXX
257,NU
258,CAH
259,VEEV
260,VICI
261,GEHC
262,GLW
263,CNC
264,NET
265,HUM
266,TEAM
267,EBAY
268,CSGP
269,A
270,FERG
271,VMC
272,RMD
273,IT
274,RBLX
275,EQT
276,NDAQ
277,EXR
278,XYZ
279,IQV
280,ODFL
281,OXY
282,BRO
283,LULU
284,MLM
285,WAB
286,AWK
287,TSCO
288,IR
289,AVB
290,VTR
291,DTE
292,STZ
293,DDOG
294,GRMN
295,EFX
296,DD
297,BR
298,MTB
299,KHC
300,AEE
301,CHD
302,ROK
303,PPL
304,ANSS
305,FANG
306,XYL
307,RJF
308,EQR
309,HOOD
310,NUE
311,IP
312,HUBS
313,EXE
314,USD
315,DAL
316,GDDY
317,LEN
318,CPNG
319,LPLA
320,SBAC
321,IRM
322,ARES
323,STT
324,DXCM
325,TYL
326,VRT
327,HSY
328,ATO
329,CBOE
330,FITB
331,CNP
332,PPG
333,FTV
334,GPN
335,KEYS
336,FE
337,DRI
338,MPWR
339,MKL
340,VLTO
341,MTD
342,TPL
343,ADM
344,CMS
345,ES
346,ZBH
347,EIX
348,HPQ
349,WBD
350,DOW
351,DOV
352,SW
353,CINF
354,TTD
355,TDY
356,CPAY
357,STE
358,MCHP
359,K
360,VRSN
361,DELL
362,DG
363,DVN
364,INVH
365,WRB
366,MKC
367,WAT
368,CDW
369,WY
370,CTRA
371,MOH
372,NVR
373,LH
374,LYV
375,CVNA
376,HAL
377,PHM
378,UAL
379,IFF
380,ZM
381,HBAN
382,BIIB
383,MAA
384,ESS
385,DGX
386,LDOS
387,FCNCA
388,EXPE
389,NRG
390,TROW
391,NI
392,FWONK
393,CLX
394,SYF
395,PODD
396,ZS
397,PFG
398,TSN
399,RBA
400,CCL
401,NTRS
402,PTC
403,HPE
404,RF
405,TW
406,LUV
407,HUBB
408,LII
409,SSNC
410,WSO
411,SNA
412,PKG
413,WSM
414,ULTA
415,FDS
416,CASY
417,FNF
418,IBKR
419,STLD
420,GPC
421,HEIA
422,NTAP
423,LYB
424,LNT
425,NTNX
426,OKTA
427,DPZ
428,EME
429,L
430,SUI
431,PINS
432,SMCI
433,BAX
434,WST
435,NTRA
436,CFG
437,EQH
438,ROL
439,DOCU
440,BJ
441,EVRG
442,DECK
443,EXPD
444,ON
445,TPR
446,COO
447,EG
448,SFM
449,GWRE
450,BURL
451,TOST
452,BALL
453,RS
454,DKNG
455,FFIV
456,TRU
457,ARE
458,TRMB
459,RPM
460,CSL
461,OMC
462,FSLR
463,UDR
464,J
465,AVY
466,GEN
467,USFD
468,HOLX
469,AMCR
470,CF
471,BAH
472,DLTR
473,JKHY
474,BLDR
475,TWLO
476,DOC
477,MAS
478,KIM
479,DT
480,PNR
481,BBY
482,WPC
483,EL
484,GGG
485,UTHR
486,JBL
487,ELS
488,UNM
489,APTV
490,REG
491,KEY
492,FTI
493,TXT
494,IEX
495,THC
496,CAG
497,GLPI
498,BMRN
499,PSTG
500,INSM
501,RNR
502,RPRX
503,LVS
504,ACM
505,RGA
506,CPT
507,AMH
508,ILMN
509,SJM
510,ZBRA
511,RVTY
512,TKO
513,WDC
514,TER
515,OC
516,KMX
517,AKAM
518,SCI
519,MDB
520,JNPR
521,POOL
522,ALGN
523,HEI
524,DUOL
525,FOXA
526,TXRH
527,PFGC
528,CW
529,SOFI
530,JBHT
531,RGLD
532,AR
533,LKQ
534,PAYC
535,FIX
536,JLL
537,NLY
538,ALLE
539,PNW
540,CHRW
541,EWBC
542,XPO
543,TAP
544,Z
545,KNSL
546,UHS
547,NDSN
548,ENTG
549,FTAI
550,GL
551,EXEL
552,AVTR
553,AIZ
554,OVV
555,DKS
556,OHI
557,BG
558,EHC
559,CCK
560,WTRG
561,DOX
562,NBIX
563,NWSA
564,AFRM
565,WWD
566,TOL
567,CLH
568,LECO
569,MANH
570,INCY
571,PEN
572,SWK
573,ITT
574,CNH
575,BRBR
576,VTRS
577,BXP
578,ATR
579,SOLV
580,SGI
581,LAMR
582,EMN
583,OGE
584,AFG
585,RIVN
586,ACI
587,OWL
588,DTM
589,HST
590,ORI
591,RBC
592,HRL
593,SWKS
594,IPG
595,PRI
596,INGR
597,LBRDK
598,CHE
599,FHN
600,CNM
601,FYBR
602,CUBE
603,BWXT
604,ALLY
605,CACI
606,MUSA
607,ARMK
608,RRC
609,EPAM
610,QGEN
611,LW
612,X
613,G
614,TECH
615,AIT
616,BLD
617,MOS
618,JEF
619,SAIA
620,AES
621,SSB
622,COOP
623,SF
624,HSIC
625,MRNA
626,CG
627,PCTY
628,AYI
629,DAY
630,PLNT
631,COKE
632,PR
633,RL
634,EGP
635,MKTX
636,MLI
637,GMED
638,HII
639,CIEN
640,MSFUT
641,EXAS
642,TTEK
643,NVT
644,NYT
645,GME
646,HLI
647,WBA
648,ENPH
649,BERY
650,MORN
651,CHDN
652,ALSN
653,AXS
654,ADC
655,HRB
656,MTCH
657,DCI
658,FRT
659,CRS
660,MEDP
661,EXP
662,APG
663,ALB
664,WBS
665,AGNC
666,HALO
667,MIDD
668,REXR
669,WYNN
670,HAS
671,NNN
672,GPK
673,RYAN
674,AOS
675,CPB
676,ROKU
677,BRX
678,SNX
679,ENSG
680,OLLI
681,LAD
682,JAZZ
683,CWST
684,LNW
685,CR
686,SCCO
687,WMS
688,SEIC
689,BECN
690,FND
691,CRL
692,NFG
693,CBSH
694,ESTC
695,DVA
696,AXTA
697,CMA
698,HQY
699,AZEK
700,PRMB
701,TTC
702,WING
703,NCLH
704,MTZ
705,COHR
706,KBR
707,EXLS
708,RLI
709,PNFP
710,WAL
711,CART
712,LNTH
713,KD
714,AA
715,UGI
716,CORT
717,BFAM
718,DOCS
719,CFR
720,FBIN
721,GNRC
722,FAF
723,RRX
724,RGEN
725,TFX
726,APA
727,MASI
728,PARA
729,CVLT
730,PCOR
731,ZION
732,WH
733,FR
734,IDA
735,WTFC
736,SKX
737,STAG
738,MGM
739,BBWI
740,ESAB
741,UFPI
742,CAVA
743,CELH
744,EVR
745,CHRD
746,SSD
747,MTG
748,WCC
749,EAT
750,BROS
751,KNX
752,ESNT
753,AAL
754,HR
755,RKLB
756,UMBF
757,AWI
758,PB
759,FOX
760,FN
761,THG
762,VOYA
763,MMSI
764,BPOP
765,ALAB
766,ATI
767,VNO
768,STWD
769,AM
770,QRVO
771,SLM
772,TREX
773,POST
774,LSCC
775,MTN
776,DBX
777,ONB
778,WEX
779,SPXC
780,BWA
781,SIGI
782,NXT
783,COLD
784,FLS
785,XP
786,OSK
787,TMHC
788,SAIC
789,OPCH
790,UHALB
791,FLR
792,AUR
793,MTSI
794,VMI
795,RITM
796,MDGL
797,R
798,FCN
799,U
800,BSY
801,SNV
802,BFB
803,ALK
804,LNC
805,MHK
806,BMI
807,OLED
808,ETSY
809,HLNE
810,ACIW
811,ONTO
812,BPMC
813,MAT
814,EPRT
815,TRNO
816,LPX
817,MTDR
818,SRPT
819,LRN
820,KEX
821,RVMD
822,RHI
823,BEN
824,CROX
825,CHX
826,CTRE
827,VNOM
828,LOPE
829,HIMS
830,NOV
831,JBTM
832,CE
833,GTLS
834,TGTX
835,GNTX
836,JXN
837,SITE
838,IVZ
839,KNF
840,CRDO
841,ARW
842,MSA
843,GH
844,WTS
845,CFLT
846,NXST
847,CZR
848,AAON
849,HOMB
850,APPF
851,RMBS
852,H
853,GTLB
854,ALKS
855,AGCO
856,GATX
857,FOUR
858,DAR
859,RHP
860,AMG
861,CMC
862,OMF
863,S
864,NJR
865,BCPC
866,MTH
867,BBIO
868,SKY
869,VNT
870,RDN
871,IDCC
872,FMC
873,GBCI
874,AL
875,LSTR
876,CRUS
877,SPSC
878,WSC
879,ELAN
880,ADMA
881,DINO
882,GPI
883,MOGA
884,SR
885,FCFS
886,SWX
887,KTOS
888,QLYS
889,AHR
890,WHR
891,CNX
892,FSS
893,SN
894,QTWO
895,IONQ
896,CGNX
897,PATH
898,VRNS
899,SIRI
900,WTM
901,PECO
902,TXNM
903,BIO
904,CWAN
905,DLB
906,CYTK
907,SON
908,KRG
909,IONS
910,ZWS
911,ITRI
912,IRT
913,HXL
914,COLB
915,CSWI
916,POR
917,ESI
918,LEA
919,KRYS
920,SNDK
921,VVV
922,CUZ
923,BOX
924,BIPC
925,UBSI
926,ABG
927,GKOS
928,MMS
929,PBH
930,INSP
931,OZK
932,BILL
933,ORA
934,GLOB
935,ROIV
936,FFIN
937,MGY
938,NOVT
939,JHG
940,FNB
941,MKSI
942,GXO
943,CBT
944,HWC
945,LAZ
946,EEFT
947,SBRA
948,CCCS
949,BRKR
950,OGS
951,AN
952,SLGN
953,CNO
954,AGO
955,CALM
956,FELE
957,VFC
958,AVT
959,BYD
960,AXSM
961,BKH
962,GTES
963,LYFT
964,ATGE
965,RYN
966,DY
967,KMPR
968,TKR
969,KAI
970,ITGR
971,SPR
972,EXPO
973,CADE
974,TDS
975,TENB
976,ESGR
977,BDC
978,PLMR
979,BCC
980,MOD
981,AROC
982,VRRM
983,SEE
984,LFUS
985,PIPR
986,PCVX
987,MSGS
988,CVCO
989,MARA
990,SFBS
991,EPR
992,KBH
993,NSIT
994,VLY
995,BCO
996,BE
997,CBZ
998,CNR
999,PRGO
1000,FRPT
1001,SLG
1002,IBP
1003,OGN
1004,NEU
1005,ESE
1006,ALE
1007,MAC
1008,BEPC
1009,MWA
1010,SANM
1011,CHH
1012,TPG
1013,ACA
1014,HRI
1015,MUR
1016,GEO
1017,ANF
1018,PVH
1019,SKYW
1020,ENS
1021,BHF
1022,GAP
1023,MATX
1024,KRC
1025,FLO
1026,CLF
1027,THO
1028,LUMN
1029,LINE
1030,AX
1031,MSM
1032,PTCT
1033,LITE
1034,NWS
1035,PCH
1036,HASI
1037,BXMT
1038,AUB
1039,SKT
1040,AVAV
1041,MP
1042,CDE
1043,MPW
1044,COMP
1045,KFY
1046,STRL
1047,BC
1048,CACC
1049,WK
1050,NWE
1051,GFS
1052,NPO
1053,HL
1054,WDFC
1055,LANC
1056,SNEX
1057,WFRD
1058,RARE
1059,MDU
1060,MRP
1061,MGEE
1062,STNE
1063,TCBI
1064,PLXS
1065,PEGA
1066,MC
1067,RDNT
1068,ASB
1069,FIVE
1070,SXT
1071,DORM
1072,GLNG
1073,OTTR
1074,URBN
1075,HAE
1076,WLK
1077,CRVL
1078,IBOC
1079,ABCB
1080,ICUI
1081,IRTC
1082,M
1083,NHI
1084,ZG
1085,STEP
1086,ROAD
1087,SLAB
1088,GVA
1089,PJT
1090,NSP
1091,OSIS
1092,ST
1093,KTB
1094,FUL
1095,LLYVK
1096,ABM
1097,AMED
1098,VIRT
1099,AWR
1100,SWTX
1101,AKRO
1102,TNL
1103,SM
1104,RNA
1105,AEIS
1106,ADT
1107,FHB
1108,RUSHA
1109,GHC
1110,BOOT
1111,SHAK
1112,NMIH
1113,MHO
1114,GMS
1115,WNS
1116,SMPL
1117,TPH
1118,CDP
1119,CRC
1120,ASO
1121,FUN
1122,ELF
1123,FCPT
1124,DXC
1125,NE
1126,CPRX
1127,CIVI
1128,UPST
1129,CPK
1130,BNL
1131,FBP
1132,ATMU
1133,RNST
1134,INTA
1135,WAY
1136,AVA
1137,GFF
1138,TGNA
1139,MIR
1140,CWT
1141,HEES
1142,GSHD
1143,GT
1144,WSFS
1145,GNW
1146,PSN
1147,WU
1148,RELY
1149,WD
1150,HIW
1151,FTDR
1152,PRIM
1153,ALGM
1154,PAG
1155,CBU
1156,BGC
1157,IAC
1158,AVNT
1159,APLE
1160,DNB
1161,ASGN
1162,OLN
1163,SATS
1164,BWIN
1165,PTGX
1166,PTEN
1167,HOG
1168,CNK
1169,IRDM
1170,ASH
1171,ZI
1172,AMTM
1173,EBC
1174,SARO
1175,XRAY
1176,BLKB
1177,LAUR
1178,OSCR
1179,UNF
1180,PATK
1181,WHD
1182,FRSH
1183,CWEN
1184,FULT
1185,HGV
1186,POWI
1187,CARG
1188,ACHC
1189,JWN
1190,NVST
1191,PFSI
1192,YELP
1193,CCOI
1194,HURN
1195,NSA
1196,WSBC
1197,BL
1198,SOUN
1199,PRGS
1200,CATY
1201,ACLX
1202,FLG
1203,BUR
1204,YETI
1205,EVTC
1206,ASTS
1207,WEN
1208,RYTM
1209,EPAC
1210,PDCO
1211,CRNX
1212,SRRK
1213,PENN
1214,RXO
1215,GPOR
1216,BOH
1217,VIAV
1218,ENVA
1219,CNXC
1220,SITM
1221,VKTX
1222,MGRC
1223,INDB
1224,TNET
1225,LTH
1226,MAN
1227,PRVA
1228,DEI
1229,NUVL
1230,TEX
1231,FOLD
1232,SIG
1233,ALRM
1234,UCB
1235,SFNC
1236,HCC
1237,PSMT
1238,DRS
1239,NOG
1240,NWL
1241,HUN
1242,CXW
1243,ZETA
1244,RH
1245,LXP
1246,TMDX
1247,REZI
1248,VCEL
1249,W
1250,BKU
1251,HP
1252,ALIT
1253,CNS
1254,LCID
1255,LOAR
1256,AKR
1257,BANF
1258,CON
1259,PRCT
1260,FIBK
1261,JOBY
1262,HWKN
1263,VCTR
1264,AI
1265,ACHR
1266,APLS
1267,RNG
1268,CXT
1269,BRZE
1270,CVBF
1271,SAM
1272,HUBG
1273,SLVM
1274,SMTC
1275,PFS
1276,CURB
1277,MRCY
1278,OUT
1279,PK
1280,IOSP
1281,BFH
1282,SMG
1283,AAP
1284,BOKF
1285,BANR
1286,TWST
1287,ENR
1288,VCYT
1289,SG
1290,PAR
1291,TBBK
1292,LCII
1293,ACVA
1294,TDC
1295,ALHC
1296,AVPT
1297,FFBC
1298,MQ
1299,RKT
1300,ACAD
1301,NATL
1302,YOU
1303,HNI
1304,VAC
1305,JJSF
1306,DOCN
1307,ATKR
1308,HHH
1309,COLM
1310,APAM
1311,UE
1312,AZZ
1313,CAKE
1314,CHEF
1315,VAL
1316,LBRT
1317,QDEL
1318,VSEC
1319,PTON
1320,TRN
1321,KAR
1322,SPB
1323,IPAR
1324,SSRM
1325,PYCR
1326,SYNA
1327,PPC
1328,TRMK
1329,BATRK
1330,RIOT
1331,PII
1332,LBTYK
1333,WLY
1334,RIG
1335,PRDO
1336,TOWN
1337,VC
1338,FRME
1339,BIRK
1340,AIN
1341,NTB
1342,IVT
1343,LIVN
1344,COTY
1345,FORM
1346,VERX
1347,FWONA
1348,WAFD
1349,PRK
1350,AEO
1351,RRR
1352,AIR
1353,PINC
1354,AGX
1355,PHIN
1356,PAYO
1357,TDW
1358,SYBT
1359,FIVN
1360,LBTYA
1361,OI
1362,OII
1363,PGNY
1364,STRA
1365,BHVN
1366,PBF
1367,POWL
1368,STC
1369,TARS
1370,ABR
1371,CENTA
1372,DVAX
1373,KNTK
1374,ENOV
1375,MTX
1376,BCRX
1377,SHO
1378,HAYW
1379,LZB
1380,CALX
1381,HMN
1382,IPGP
1383,NMRK
1384,DV
1385,NBTB
1386,WKC
1387,UEC
1388,HBI
1389,CSGS
1390,NEOG
1391,ZD
1392,GRBK
1393,EPC
1394,SKWD
1395,ECG
1396,CRK
1397,SXI
1398,AMKR
1399,EFSC
1400,BFA
1401,HE
1402,SHOO
1403,CPRI
1404,NVCR
1405,CASH
1406,PD
1407,CNMD
1408,SGRY
1409,TTMI
1410,CLSKW
1411,AGIO
1412,MYRG
1413,AGM
1414,CLVT
1415,CCS
1416,ADUS
1417,DIOD
1418,MIRM
1419,PI
1420,WERN
1421,AGYS
1422,PPBI
1423,REVG
1424,PAGS
1425,KLIC
1426,BUSE
1427,DNOW
1428,PLUS
1429,NCNO
1430,SMMT
1431,IGT
1432,SDRL
1433,STNG
1434,KMT
1435,CC
1436,ROCK
1437,FBK
1438,PRKS
1439,SHC
1440,CHCO
1441,GNL
1442,BANC
1443,SEM
1444,SUPN
1445,DAN
1446,GOLF
1447,OSW
1448,SJW
1449,MBC
1450,RAMP
1451,LMND
1452,SLNO
1453,AMBA
1454,WRBY
1455,DNLI
1456,OFG
1457,DRH
1458,TGLS
1459,RGTI
1460,ALG
1461,CRGY
1462,ICFI
1463,IIPR
1464,EXTR
1465,HI
1466,ANDE
1467,TGI
1468,LGND
1469,VRE
1470,VSH
1471,AVDX
1472,LNN
1473,BEAM
1474,ARQT
1475,MNKD
1476,HTH
1477,SBCF
1478,ARCB
1479,ATRC
1480,KWR
1481,VYX
1482,ACLS
1483,ELME
1484,CAR
1485,GBX
1486,OMCL
1487,QS
1488,LMAT
1489,RPD
1490,MCY
1491,CABO
1492,IART
1493,APGE
1494,BLX
1495,IMAX
1496,UFPT
1497,AS
1498,UPWK
1499,PRM
1500,JOE
1501,ARI
1502,HLMN
1503,CWK
1504,MTRN
1505,WMK
1506,ASTH
1507,NWN
1508,WOR
1509,AMRX
1510,UVV
1511,UNFI
1512,ARWR
1513,WABC
1514,DJT
1515,INFA
1516,LGIH
1517,ANIP
1518,BTU
1519,MLKN
1520,VSTS
1521,GO
1522,JBGS
1523,HCI
1524,UTI
1525,UPBD
1526,TRIP
1527,GTY
1528,BHE
1529,ACMR
1530,PZZA
1531,CODI
1532,MSGE
1533,HRMY
1534,ATSG
1535,RUN
1536,TPB
1537,STR
1538,THS
1539,KN
1540,WGS
1541,TNC
1542,LTC
1543,CRI
1544,AMR
1545,ALEX
1546,MSEX
1547,QBTS
1548,STEL
1549,NNI
1550,REYN
1551,KLG
1552,WT
1553,LBRDA
1554,PMT
1555,KGS
1556,ADEA
1557,DBRG
1558,AIV
1559,CORZ
1560,IDYA
1561,GEF
1562,TRUP
1563,NGVT
1564,TDOC
1565,NIC
1566,JBLU
1567,DDS
1568,QCRH
1569,FCF
1570,NTCT
1571,CUBI
1572,INVA
1573,RLJ
1574,EIG
1575,FBNC
1576,IESC
1577,INMD
1578,INSW
1579,LKFN
1580,LLYVA
1581,EVRI
1582,MGNI
1583,NHC
1584,AZTA
1585,XHR
1586,SNDR
1587,COCO
1588,PEB
1589,ALKT
1590,PHR
1591,SMR
1592,RXRX
1593,APOG
1594,BLBD
1595,VSCO
1596,DHT
1597,LADR
1598,OCUL
1599,TWO
1600,SPNT
1601,BKD
1602,ROG
1603,CTS
1604,STBA
1605,DESP
1606,LENB
1607,KYMR
1608,UI
1609,NWBI
1610,AUPH
1611,UNIT
1612,SCL
1613,MFA
1614,JAMF
1615,AGL
1616,LFST
1617,NAVI
1618,CNNE
1619,PRA
1620,TFIN
1621,SAFT
1622,NEO
1623,USLM
1624,LZ
1625,ACT
1626,ADNT
1627,PLAB
1628,SDGR
1629,LQDA
1630,HELE
1631,TALO
1632,UMH
1633,MD
1634,CRAI
1635,EVH
1636,TNDM
1637,SOC
1638,ESRT
1639,APPN
1640,NBHC
1641,CSR
1642,NN
1643,NVEE
1644,TPC
1645,PCRX
1646,SONO
1647,VSAT
1648,AMPH
1649,GIII
1650,ASAN
1651,VRNT
1652,INOD
1653,AESI
1654,VECO
1655,VITL
1656,BFC
1657,HLIT
1658,BBSI
1659,VRTS
1660,SPT
1661,CLDX
1662,BHLB
1663,FDP
1664,FIZZ
1665,HOPE
1666,FLYW
1667,CSTM
1668,EWTX
1669,DRVN
1670,TVTX
1671,CERT
1672,DOLE
1673,FA
1674,RDFN
1675,PRG
1676,FBRT
1677,PWP
1678,SFL
1679,MCRI
1680,TILE
1681,BTSG
1682,DFIN
1683,TCBK
1684,SCS
1685,UAA
1686,HLX
1687,LEG
1688,DEA
1689,FUBO
1690,IDT
1691,VBTX
1692,DBD
1693,PEBO
1694,LMB
1695,CENX
1696,FIHL
1697,AMWD
1698,IMKTA
1699,ARDX
1700,COLL
1701,UA
1702,ARR
1703,FL
1704,LILAK
1705,AMSF
1706,SAFE
1707,CNA
1708,WGO
1709,IMVT
1710,AORT
1711,SBSI
1712,ENVX
1713,OXM
1714,HUT
1715,CIM
1716,KNSA
1717,KW
1718,WWW
1719,NTST
1720,EFC
1721,VICR
1722,JBI
1723,PLUG
1724,RSI
1725,MRC
1726,WINA
1727,LGFB
1728,DK
1729,ROOT
1730,GOGL
1731,MDXG
1732,SNDX
1733,IRON
1734,LC
1735,VERA
1736,GERN
1737,USPH
1738,VRDN
1739,AAT
1740,DCOM
1741,NXRT
1742,CWENA
1743,HLF
1744,TXG
1745,KFRC
1746,CGON
1747,ELVN
1748,PRLB
1749,CXM
1750,AMC
1751,OCFC
1752,BKE
1753,APLD
1754,TNK
1755,EYE
1756,FOXF
1757,ATEN
1758,PDM
1759,SPRY
1760,CCB
1761,KALU
1762,GBTG
1763,GABC
1764,SBH
1765,NEXT
1766,PENG
1767,NVAX
1768,MODG
1769,SXC
1770,SGHC
1771,CNOB
1772,THR
1773,GSAT
1774,HLIO
1775,SWI
1776,FMBH
1777,SRCE
1778,CBL
1779,HCKT
1780,UTZ
1781,DX
1782,XPRO
1783,WSR
1784,CDNA
1785,KOS
1786,HG
1787,ERII
1788,BRSP
1789,STAA
1790,DXPE
1791,TRS
1792,OBK
1793,COUR
1794,PNTG
1795,UVE
1796,HSTM
1797,DGII
1798,ATEC
1799,ADPT
1800,ECPG
1801,NSSC
1802,PARR
1803,UCTT
1804,SCSC
1805,WTTR
1806,PRO
1807,RDVT
1808,BLFS
1809,THRM
1810,ORC
1811,CFFN
1812,COMM
1813,BLND
1814,AMN
1815,CBRL
1816,LQDT
1817,CWH
1818,LOB
1819,AHCO
1820,IOVA
1821,HFWA
1822,AAMI
1823,HCSG
1824,XMTR
1825,CPF
1826,BHRB
1827,QNST
1828,SEB
1829,CARS
1830,DYN
1831,EMBC
1832,UTL
1833,SABR
1834,SPHR
1835,BDN
1836,TMP
1837,BJRI
1838,TROX
1839,CMPR
1840,NX
1841,MCBS
1842,ML
1843,FSLY
1844,PRAA
1845,PGRE
1846,KSS
1847,CDRE
1848,FNA
1849,AGS
1850,IBTA
1851,LEU
1852,MYGN
1853,OEC
1854,MXL
1855,EVER
1856,ASTE
1857,PCT
1858,RBCAA
1859,PPTA
1860,VMEO
1861,UVSP
1862,RYI
1863,TRNS
1864,LPG
1865,DHC
1866,MBWM
1867,STGW
1868,RC
1869,MMI
1870,SENEA
1871,AXGN
1872,BZH
1873,ARIS
1874,NTGR
1875,SAH
1876,CTLP
1877,SIBN
1878,SPTN
1879,NG
1880,RWT
1881,MRTN
1882,HSII
1883,RVLV
1884,UWMC
1885,TREE
1886,ARLO
1887,VTOL
1888,XPEL
1889,ARRY
1890,SMBK
1891,ATRO
1892,RUSHB
1893,WS
1894,SPNS
1895,BOW
1896,NRIX
1897,BY
1898,BRKL
1899,PRCH
1900,TFSL
1901,PLYM
1902,LINC
1903,CNXN
1904,CTBI
1905,OSBC
1906,RDUS
1907,JANX
1908,PFBC
1909,ALGT
1910,WLFC
1911,BELFB
1912,REPL
1913,WULF
1914,CCRN
1915,HAFC
1916,HTB
1917,AVDL
1918,MBIN
1919,BV
1920,ORRF
1921,SBGI
1922,GRAL
1923,UFCS
1924,CMRE
1925,ODC
1926,ABUS
1927,IAS
1928,HONE
1929,NRIM
1930,CECO
1931,AVNS
1932,NBBK
1933,SHEN
1934,DAKT
1935,OMI
1936,GCMG
1937,CAL
1938,FG
1939,REX
1940,BLMN
1941,DFH
1942,HROW
1943,BXC
1944,ZYME
1945,DLX
1946,DAVE
1947,PRSU
1948,CLB
1949,NWPX
1950,MATW
1951,ASIX
1952,TIPT
1953,PLAY
1954,ESQ
1955,KREF
1956,MOFG
1957,NTLA
1958,OSPN
1959,GDYN
1960,GRC
1961,UDMY
1962,VVX
1963,DEC
1964,RGR
1965,INVX
1966,AVXL
1967,OPK
1968,FTRE
1969,FLNG
1970,EGBN
1971,OLO
1972,NECB
1973,PAX
1974,NYMT
1975,HIPO
1976,ETD
1977,AMPL
1978,FCBC
1979,YEXT
1980,BBW
1981,CCBG
1982,PRAX
1983,COHU
1984,AIOT
1985,VTS
1986,NNE
1987,CVLG
1988,MCW
1989,AMSC
1990,CSV
1991,TRST
1992,AAOI
1993,ECVT
1994,UHAL
1995,BCML
1996,MLAB
1997,PL
1998,BASE
1999,IIIV
2000,FBIZ
2001,IBCP
2002,DJCO
2003,EXPI
2004,FIGS
2005,MBUU
2006,BFST
2007,NGVC
2008,NCMI
2009,NPKI
2010,IE
2011,ITIC
2012,LYTS
2013,NVRI
2014,EQBK
2015,GLRE
2016,DCO
2017,EBTC
2018,HBNC
2019,HTBK
2020,SLQT
2021,UUUU
2022,GOGO
2023,ADTN
2024,VEL
2025,BBAI
2026,HOV
2027,SITC
2028,AMTB
2029,OMER
2030,GOOD
2031,REAL
2032,OFIX
2033,IRMD
2034,OPEN
2035,IBRX
2036,TALK
2037,FRPH
2038,HRTG
2039,JACK
2040,ANAB
2041,ANGI
2042,XRX
2043,DAWN
2044,CAC
2045,BBUC
2046,CASS
2047,CRMD
2048,UNTY
2049,TK
2050,NAGE
2051,AMAL
2052,ZVRA
2053,PLSE
2054,KOP
2055,SWBI
2056,HTZ
2057,FOR
2058,BATRA
2059,DGICA
2060,BVS
2061,WEAV
2062,MPB
2063,CVI
2064,JBSS
2065,TBPH
2066,GSBC
2067,INN
2068,BHB
2069,TRC
2070,XNCR
2071,SHLS
2072,LENZ
2073,ACIC
2074,EOLS
2075,COGT
2076,SNCY
2077,PFIS
2078,FMNB
2079,UHT
2080,RXST
2081,FRBA
2082,GDEN
2083,ICHR
2084,PDFS
2085,TRML
2086,SYRE
2087,AOSL
2088,FIP
2089,WNC
2090,WVE
2091,EBF
2092,AVBP
2093,PLTK
2094,NABL
2095,PGC
2096,CEVA
2097,NFE
2098,TTI
2099,PUMP
2100,AMBP
2101,LGTY
2102,THFF
2103,ACEL
2104,GLDD
2105,EE
2106,ORGO
2107,PLOW
2108,LMNR
2109,CTO
2110,GHM
2111,MCB
2112,MTAL
2113,INGM
2114,SCHL
2115,JELD
2116,STKL
2117,SPOK
2118,MLR
2119,NFBK
2120,CCSI
2121,CMCL
2122,MTUS
2123,CARE
2124,CGEM
2125,KELYA
2126,CWBC
2127,SMP
2128,SVRA
2129,HBCP
2130,PRTA
2131,MNRO
2132,IIIN
2133,BORR
2134,ACNB
2135,AROW
2136,XERS
2137,EHAB
2138,SEI
2139,VTLE
2140,SMBC
2141,LIF
2142,ASC
2143,GRNT
2144,CTRI
2145,NAT
2146,RICK
2147,ODP
2148,OLP
2149,PTLO
2150,GNTY
2151,ZIP
2152,AMRK
2153,VIR
2154,TRTX
2155,CLBK
2156,GRND
2157,PLPC
2158,LXU
2159,IMXI
2160,BCAL
2161,PSFE
2162,GDOT
2163,MCS
2164,YORW
2165,OUST
2166,LGFA
2167,WRLD
2168,GEFB
2169,GNK
2170,CWCO
2171,FSBW
2172,SRDX
2173,ALX
2174,HNRG
2175,SEZL
2176,ATEX
2177,BFS
2178,LOCO
2179,CMPO
2180,CLW
2181,CIVB
2182,OBT
2183,RIGL
2184,KODK
2185,NLOP
2186,PGY
2187,EVCM
2188,RPAY
2189,BGS
2190,ETNB
2191,BIGC
2192,FPI
2193,SPFI
2194,CZNC
2195,ACCO
2196,TSBK
2197,MEG
2198,FWRD
2199,FWRG
2200,BCAX
2201,REFI
2202,AXL
2203,BAND
2204,AVO
2205,DSGR
2206,HBT
2207,SEMR
2208,MLNK
2209,SCVL
2210,PRTH
2211,PHLT
2212,MNMD
2213,LIND
2214,DNTH
2215,CNDT
2216,HPP
2217,MGTX
2218,WTBA
2219,BWB
2220,NBN
2221,SD
2222,CIFR
2223,HZO
2224,TBCH
2225,CTKB
2226,MYE
2227,RCKT
2228,CYH
2229,HIFS
2230,MGPI
2231,REAX
2232,WSBF
2233,FISI
2234,MBCN
2235,CCNE
2236,FARO
2237,ACCD
2238,HTLD
2239,ALT
2240,HOUS
2241,RES
2242,AHH
2243,CCO
2244,CHCT
2245,ETWO
2246,KURA
2247,CSTL
2248,PX
2249,ONIT
2250,RRBI
2251,VREX
2252,AMBC
2253,PACS
2254,OIS
2255,EVLV
2256,FSBC
2257,URGN
2258,HY
2259,WASH
2260,FFIC
2261,DNUT
2262,SAGE
2263,ARVN
2264,ANGO
2265,RM
2266,BMBL
2267,DSP
2268,SSTK
2269,MSBI
2270,TCMD
2271,CVGW
2272,INBK
2273,DIN
2274,SLP
2275,FMAO
2276,CMCO
2277,LAND
2278,PBPB
2279,AQST
2280,ARHS
2281,ALRS
2282,TSVT
2283,EGY
2284,KLC
2285,ACTG
2286,PARAA
2287,DHIL
2288,PUBM
2289,CENT
2290,REPX
2291,GMRE
2292,SFST
2293,BYRN
2294,SVC
2295,PKST
2296,FDBC
2297,ILPT
2298,CLFD
2299,USNA
2300,BMRC
2301,AMRC
2302,FC
2303,FNLC
2304,KRNY
2305,AIP
2306,ORIC
2307,XPER
2308,MVBF
2309,ANIK
2310,JMSB
2311,WOLF
2312,ZIMV
2313,ASPN
2314,ENFN
2315,OOMA
2316,FLGT
2317,METCV
2318,MTSR
2319,CRMT
2320,LAB
2321,HAIN
2322,TG
2323,GCT
2324,MITK
2325,MCFT
2326,GIC
2327,RCUS
2328,TSHA
2329,TMCI
2330,LUNR
2331,GTN
2332,MLYS
2333,TITN
2334,AKBA
2335,ULH
2336,RMNI
2337,RYAM
2338,SHBI
2339,FRST
2340,IMNM
2341,NBR
2342,KE
2343,CMP
2344,CLDT
2345,ESPR
2346,ARCT
2347,IPI
2348,ERAS
2349,HVT
2350,WLDN
2351,VMD
2352,RBBN
2353,THRY
2354,PACB
2355,PGEN
2356,NUS
2357,PKE
2358,ARKO
2359,CLMB
2360,PAHC
2361,NUVB
2362,LXFR
2363,ABSI
2364,TWI
2365,BLFY
2366,URG
2367,GCI
2368,PACK
2369,RBB
2370,CRNC
2371,QTRX
2372,LASR
2373,TDUP
2374,CZFS
2375,UIS
2376,ONTF
2377,CRSR
2378,SFIX
2379,ZEUS
2380,NVEC
2381,KALV
2382,FLIC
2383,NEWT
2384,CMTG
2385,LILA
2386,PANL
2387,JAKK
2388,MTW
2389,ZUMZ
2390,KROS
2391,HYLN
2392,BOC
2393,ALNT
2394,KRUS
2395,MATV
2396,BWMN
2397,WOW
2398,WOOF
2399,EPM
2400,TTGT
2401,CTOS
2402,AMPS
2403,VPG
2404,CELC
2405,SHYF
2406,HNST
2407,OCGN
2408,KIDS
2409,MBI
2410,CAPR
2411,NNOX
2412,IVR
2413,WEST
2414,RMR
2415,OSUR
2416,SANA
2417,FLNC
2418,TH
2419,MOV
2420,VNDA
2421,MXCT
2422,DMRC
2423,CVRX
2424,SIGA
2425,PAYS
2426,MAX
2427,CIO
2428,BRY
2429,HDSN
2430,RGNX
2431,SEAT
2432,CLNE
2433,AVNW
2434,CMT
2435,MRVI
2436,INDI
2437,DCGO
2438,UTMD
2439,DENN
2440,GNE
2441,HRTX
2442,CRCT
2443,BLDE
2444,SKYT
2445,LOVE
2446,GCO
2447,UPB
2448,ATNI
2449,DDD
2450,TRDA
2451,ADCT
2452,FULC
2453,ATXS
2454,GETY
2455,APPS
2456,INR
2457,LSEA
2458,KIND
2459,FLWS
2460,RGP
2461,FFWM
2462,IRWD
2463,CYRX
2464,GLUE
2465,BSRR
2466,ASLE
2467,HMST
2468,EYPT
2469,CMPX
2470,REI
2471,RCEL
2472,TYRA
2473,BHR
2474,LUNG
2475,PSTL
2476,MEI
2477,TRUE
2478,ACDC
2479,EVGO
2480,AVIR
2481,DBI
2482,BCBP
2483,NRDS
2484,INSE
2485,EU
2486,ONEW
2487,EGHT
2488,DOMO
2489,AURA
2490,BOOM
2491,ARAY
2492,CHPT
2493,HCAT
2494,CERS
2495,BTBT
2496,ADV
2497,MVIS
2498,CRGX
2499,SB
2500,SVV
2501,EVC
2502,TBI
2503,STOK
2504,POWW
2505,AEHR
2506,SSTI
2507,ACRE
2508,HOFT
2509,AMCX
2510,BYON
2511,KRRO
2512,SEG
2513,VERV
2514,PHAT
2515,RLAY
2516,TCX
2517,EAF
2518,NRC
2519,NGNE
2520,YMAB
2521,ANNX
2522,OABI
2523,NVTS
2524,BYND
2525,RMAX
2526,WTI
2527,OPRX
2528,SMRT
2529,NXDT
2530,MED
2531,GPRE
2532,FNKO
2533,OLPX
2534,QSI
2535,AMPY
2536,SLDP
2537,GPMT
2538,XPOF
2539,SEPN
2540,OLMA
2541,ULCC
2542,LAW
2543,ITOS
2544,IHRT
2545,EB
2546,THRD
2547,BBNX
2548,CDXS
2549,HUMA
2550,IMMR
2551,AVD
2552,FDMT
2553,ALTG
2554,MNTK
2555,TCBX
2556,ALLO
2557,JOUT
2558,SSP
2559,CBAN
2560,AFCG
2561,OFLX
2562,INGN
2563,JRVR
2564,LRMR
2565,FORR
2566,KOD
2567,ASUR
2568,DSGN
2569,SKIN
2570,LPRO
2571,MYPS
2572,SNBR
2573,WALD
2574,LWLG
2575,BRCC
2576,PLL
2577,SRI
2578,IAUX
2579,CATX
2580,CCCC
2581,MASS
2582,GRWG
2583,RHLD
2584,NRGV
2585,VYGR
2586,SLRN
2587,DH
2588,TERN
2589,ONL
2590,ENTA
2591,TCRX
2592,SCPH
2593,LESL
2594,INBX
2595,SES
2596,EWCZ
2597,FRGE
2598,LAZR
2599,INO
2600,SUNS
2601,NMRA
2602,TTEC
2603,INZY
2604,ALDX
2605,EDIT
2606,RILY
2607,STHO
2608,MGNX
2609,LYEL
2610,CDLX
2611,PLRX
2612,DXLG
2613,GPRO
2614,ALEC
2615,ZNTL
2616,CHGG
2617,FCEL
2618,TNGX
2619,ZYXI
2620,PRME
2621,NKTX
2622,LXRX
2623,CRBP
2624,IRBT
2625,STRO
2626,CHRS
2627,OB
2628,FATE
2629,STEM
2630,CRBU
2631,ADRO
2632,VTYX
2633,SAVA
2634,CVGI
2635,APLT
2636,CABA
2637,PROK
2638,XFOR
2639,AVTE
2640,SPCE
2641,PEPG
2642,NOVA
2643,CPS
2644,BMEA
2645,TNYA
2646,TPIC
2647,GBIO
2648,HLVX
2649,INH
2650,BLNK
2651,MRSN
2652,ALXO
2653,AGEN
2654,QTTB
2655,SCLX
2656,RAPT
2657,IGMS
2658,OTLK
2659,MODV
2660,BLUE
2661,IPSC
2662,METCB
2663,GTXI
2664,ADRO
2665,P5N994
